{
    "FID_latent/male2female": 9.803331353984174,
    "FID_latent/female2male": 17.377991420728716,
    "FID_latent/mean": 13.590661387356445
}