{
    "FID_latent/male2female": 10.005147984144363,
    "FID_latent/female2male": 17.575657674572273,
    "FID_latent/mean": 13.790402829358317
}