{
    "FID_latent/male2female": 9.940602816654017,
    "FID_latent/female2male": 17.474585409625757,
    "FID_latent/mean": 13.707594113139887
}