{
    "FID_latent/male2female": 9.8274036596028,
    "FID_latent/female2male": 17.666746236188985,
    "FID_latent/mean": 13.747074947895893
}